provinsi;sektor;lq_2025;rps_2025;im_2025;rs_2025;kontribusi_2025;pertumbuhan_2025
Aceh;Pertanian;2.4;1.3;-19.5;8.3;3.7;31.0
Aceh;Pertambangan;1.0;1.0;-27.5;0.8;2.9;7.4
Aceh;Industri;0.2;0.1;-8.6;-36.5;2.6;4.9
Aceh;Pengadaan Listrik;0.2;1.2;-5.0;7.5;3.2;0.1
Aceh;Pengadaan Air;0.5;1.5;-1.7;25.1;3.7;0.0
Aceh;Konstruksi;0.9;0.7;-2.1;-16.7;0.8;8.8
Aceh;Perdagangan;1.2;0.9;-4.1;-6.7;5.6;14.8
Aceh;Transportasi;1.6;0.4;36.9;-53.3;9.4;6.4
Aceh;Akmamin;0.5;1.3;14.6;21.0;12.1;1.7
Aceh;Informasi dan Komunikasi;0.6;0.5;71.9;-57.6;5.0;2.8
Aceh;Jasa Keuangan;0.4;0.6;4.4;-23.4;2.3;1.6
Aceh;Real Estat;1.6;1.6;-14.4;21.3;3.9;3.7
Aceh;Jasa Perusahaan;0.3;0.5;33.7;-44.2;3.6;0.6
Aceh;Adm. Pemerintahan;2.8;1.4;-16.0;15.7;3.0;8.9
Aceh;Jasa Pendidikan;0.9;1.8;-13.1;31.6;3.4;2.7
Aceh;Jasa Kesehatan;2.3;0.8;46.7;-23.8;3.5;3.1
Aceh;Jasa Lainnya;0.7;0.7;51.1;-30.2;6.3;1.4
Sumatera Utara;Pertanian;2.2;1.6;-19.5;19.8;4.2;24.0
Sumatera Utara;Pertambangan;0.2;1.5;-27.5;13.0;3.0;1.2
Sumatera Utara;Industri;0.8;0.7;-8.6;-12.9;3.4;18.6
Sumatera Utara;Pengadaan Listrik;0.1;1.1;-5.0;4.6;3.2;0.1
Sumatera Utara;Pengadaan Air;1.2;1.0;-1.7;1.1;3.4;0.1
Sumatera Utara;Konstruksi;1.2;1.0;-2.1;-2.1;4.0;12.9
Sumatera Utara;Perdagangan;1.4;1.3;-4.1;13.6;5.7;19.0
Sumatera Utara;Transportasi;1.0;0.7;36.9;-26.3;10.8;5.0
Sumatera Utara;Akmamin;0.8;1.0;14.6;0.8;8.5;2.1
Sumatera Utara;Informasi dan Komunikasi;0.5;0.9;71.9;-14.4;7.3;2.3
Sumatera Utara;Jasa Keuangan;0.7;0.6;4.4;-21.0;4.1;2.8
Sumatera Utara;Real Estat;1.6;1.7;-14.4;25.0;5.4;4.6
Sumatera Utara;Jasa Perusahaan;0.5;0.8;33.7;-19.5;7.8;1.1
Sumatera Utara;Adm. Pemerintahan;1.0;0.9;-16.0;-2.7;1.7;3.0
Sumatera Utara;Jasa Pendidikan;0.7;1.6;-13.1;21.4;5.6;1.7
Sumatera Utara;Jasa Kesehatan;0.7;0.6;46.7;-38.8;6.2;0.9
Sumatera Utara;Jasa Lainnya;0.3;0.6;51.1;-37.3;7.0;0.6
Sumatera Barat;Pertanian;1.9;1.0;-19.5;0.2;3.3;21.4
Sumatera Barat;Pertambangan;0.5;1.1;-27.5;2.2;2.9;4.0
Sumatera Barat;Industri;0.5;0.5;-8.6;-20.3;3.2;8.5
Sumatera Barat;Pengadaan Listrik;0.1;0.8;-5.0;-10.0;3.2;0.1
Sumatera Barat;Pengadaan Air;1.2;0.8;-1.7;-11.5;2.5;0.1
Sumatera Barat;Konstruksi;0.9;1.0;-2.1;-1.9;2.9;9.9
Sumatera Barat;Perdagangan;1.3;1.3;-4.1;13.1;4.6;16.5
Sumatera Barat;Transportasi;2.1;0.3;36.9;-57.4;4.3;11.0
Sumatera Barat;Akmamin;0.4;1.0;14.6;2.3;8.0;1.4
Sumatera Barat;Informasi dan Komunikasi;1.3;0.9;71.9;-13.8;6.3;6.7
Sumatera Barat;Jasa Keuangan;0.8;1.0;4.4;-2.1;5.2;3.1
Sumatera Barat;Real Estat;0.8;1.6;-14.4;22.3;5.9;2.1
Sumatera Barat;Jasa Perusahaan;0.2;0.6;33.7;-33.2;6.0;0.4
Sumatera Barat;Adm. Pemerintahan;1.8;1.3;-16.0;9.5;3.9;6.5
Sumatera Barat;Jasa Pendidikan;1.4;1.8;-13.1;31.1;3.6;4.5
Sumatera Barat;Jasa Kesehatan;1.3;1.0;46.7;-3.0;6.4;1.7
Sumatera Barat;Jasa Lainnya;0.9;0.8;51.1;-16.9;8.9;2.1
Riau;Pertanian;2.4;1.5;-19.5;15.3;3.3;26.8
Riau;Pertambangan;1.9;-1.1;-27.5;-48.9;1.1;19.3
Riau;Industri;1.6;1.3;-8.6;10.8;4.6;28.2
Riau;Pengadaan Listrik;0.1;2.4;-5.0;63.2;6.9;0.1
Riau;Pengadaan Air;0.2;0.8;-1.7;-12.3;5.2;0.0
Riau;Konstruksi;0.9;1.2;-2.1;9.3;6.4;9.3
Riau;Perdagangan;0.8;1.3;-4.1;12.9;7.3;10.1
Riau;Transportasi;0.2;0.3;36.9;-62.3;9.3;0.8
Riau;Akmamin;0.1;0.6;14.6;-23.5;7.5;0.5
Riau;Informasi dan Komunikasi;0.2;0.8;71.9;-21.3;7.0;0.8
Riau;Jasa Keuangan;0.2;0.7;4.4;-18.5;3.7;0.9
Riau;Real Estat;0.4;1.1;-14.4;5.4;4.3;0.8
Riau;Jasa Perusahaan;0.0;0.5;33.7;-45.7;9.3;0.0
Riau;Adm. Pemerintahan;0.6;0.9;-16.0;-4.7;6.4;1.3
Riau;Jasa Pendidikan;0.2;1.3;-13.1;12.7;5.2;0.5
Riau;Jasa Kesehatan;0.2;1.1;46.7;6.5;6.2;0.2
Riau;Jasa Lainnya;0.2;0.6;51.1;-44.7;9.5;0.4
Jambi;Pertanian;2.4;1.7;-19.5;21.3;5.1;32.6
Jambi;Pertambangan;3.1;1.3;-27.5;7.3;3.2;15.5
Jambi;Industri;0.5;0.8;-8.6;-9.2;4.3;9.8
Jambi;Pengadaan Listrik;0.1;2.1;-5.0;48.8;9.6;0.1
Jambi;Pengadaan Air;1.5;0.7;-1.7;-15.1;1.8;0.1
Jambi;Konstruksi;0.8;1.1;-2.1;4.1;3.2;7.1
Jambi;Perdagangan;0.8;1.4;-4.1;20.7;7.0;13.1
Jambi;Transportasi;0.7;0.8;36.9;-18.8;10.6;3.1
Jambi;Akmamin;0.4;1.1;14.6;7.9;8.1;1.1
Jambi;Informasi dan Komunikasi;0.6;0.8;71.9;-27.2;7.1;3.6
Jambi;Jasa Keuangan;0.6;0.8;4.4;-9.6;2.9;2.2
Jambi;Real Estat;0.5;1.3;-14.4;12.4;4.2;1.4
Jambi;Jasa Perusahaan;0.6;1.0;33.7;0.7;12.1;1.5
Jambi;Adm. Pemerintahan;1.0;0.7;-16.0;-11.4;2.8;3.6
Jambi;Jasa Pendidikan;1.1;1.4;-13.1;13.4;4.1;3.0
Jambi;Jasa Kesehatan;1.0;0.9;46.7;-11.1;4.4;1.2
Jambi;Jasa Lainnya;0.5;0.6;51.1;-45.1;6.9;0.9
Sumatera Selatan;Pertanian;1.4;1.0;-19.5;-1.2;3.5;13.4
Sumatera Selatan;Pertambangan;3.2;2.5;-27.5;36.0;5.2;25.7
Sumatera Selatan;Industri;0.9;1.2;-8.6;10.2;4.4;18.0
Sumatera Selatan;Pengadaan Listrik;0.1;2.6;-5.0;74.7;5.3;0.1
Sumatera Selatan;Pengadaan Air;1.2;0.6;-1.7;-21.0;1.2;0.1
Sumatera Selatan;Konstruksi;1.1;1.1;-2.1;3.0;4.2;10.7
Sumatera Selatan;Perdagangan;0.9;2.1;-4.1;49.9;8.4;13.6
Sumatera Selatan;Transportasi;0.4;0.7;36.9;-26.3;6.9;2.4
Sumatera Selatan;Akmamin;0.5;2.0;14.6;68.7;11.7;1.9
Sumatera Selatan;Informasi dan Komunikasi;0.6;0.9;71.9;-8.7;7.4;2.9
Sumatera Selatan;Jasa Keuangan;0.6;0.7;4.4;-19.4;3.9;2.1
Sumatera Selatan;Real Estat;1.3;2.4;-14.4;51.1;6.4;2.9
Sumatera Selatan;Jasa Perusahaan;0.1;0.7;33.7;-25.7;4.1;0.1
Sumatera Selatan;Adm. Pemerintahan;1.0;1.3;-16.0;10.4;5.0;2.5
Sumatera Selatan;Jasa Pendidikan;0.9;0.9;-13.1;-2.8;3.9;2.1
Sumatera Selatan;Jasa Kesehatan;0.5;0.6;46.7;-36.4;4.3;0.6
Sumatera Selatan;Jasa Lainnya;0.4;0.5;51.1;-51.8;3.1;0.7
Bengkulu;Pertanian;2.3;1.1;-19.5;1.7;3.3;29.1
Bengkulu;Pertambangan;0.4;0.7;-27.5;-8.0;0.9;5.2
Bengkulu;Industri;0.3;0.8;-8.6;-6.6;4.0;5.4
Bengkulu;Pengadaan Listrik;0.1;2.4;-5.0;62.4;4.9;0.1
Bengkulu;Pengadaan Air;2.6;0.7;-1.7;-13.7;4.0;0.2
Bengkulu;Konstruksi;0.5;1.1;-2.1;4.3;3.5;4.9
Bengkulu;Perdagangan;1.2;1.2;-4.1;9.2;3.4;13.8
Bengkulu;Transportasi;1.8;0.7;36.9;-22.8;7.3;9.6
Bengkulu;Akmamin;0.6;1.6;14.6;41.8;9.8;1.8
Bengkulu;Informasi dan Komunikasi;0.9;0.9;71.9;-15.1;8.9;3.9
Bengkulu;Jasa Keuangan;0.8;0.7;4.4;-19.4;1.4;3.0
Bengkulu;Real Estat;1.6;1.2;-14.4;8.3;4.7;3.3
Bengkulu;Jasa Perusahaan;1.2;0.8;33.7;-16.5;8.8;2.3
Bengkulu;Adm. Pemerintahan;2.9;1.5;-16.0;15.9;4.1;8.6
Bengkulu;Jasa Pendidikan;2.3;1.4;-13.1;15.5;5.9;6.0
Bengkulu;Jasa Kesehatan;1.5;1.2;46.7;16.8;7.1;2.0
Bengkulu;Jasa Lainnya;0.5;1.0;51.1;2.3;9.5;0.9
Lampung;Pertanian;2.1;0.4;-19.5;-18.1;1.6;27.1
Lampung;Pertambangan;0.6;0.4;-27.5;-14.8;0.7;5.2
Lampung;Industri;0.9;1.2;-8.6;9.9;4.3;18.6
Lampung;Pengadaan Listrik;0.1;1.7;-5.0;33.0;-0.5;0.1
Lampung;Pengadaan Air;1.2;0.9;-1.7;-4.5;1.6;0.1
Lampung;Konstruksi;1.1;1.5;-2.1;25.6;4.8;9.6
Lampung;Perdagangan;1.1;1.9;-4.1;40.9;9.4;13.9
Lampung;Transportasi;1.4;1.3;36.9;22.3;13.5;7.0
Lampung;Akmamin;0.5;1.4;14.6;23.3;9.8;1.6
Lampung;Informasi dan Komunikasi;0.8;0.8;71.9;-21.5;5.3;3.9
Lampung;Jasa Keuangan;0.5;0.7;4.4;-16.6;2.6;2.0
Lampung;Real Estat;1.1;1.2;-14.4;7.4;3.7;2.6
Lampung;Jasa Perusahaan;0.1;0.8;33.7;-20.0;9.1;0.2
Lampung;Adm. Pemerintahan;1.0;1.1;-16.0;2.4;2.2;3.1
Lampung;Jasa Pendidikan;1.0;1.4;-13.1;13.8;2.1;2.8
Lampung;Jasa Kesehatan;0.7;0.7;46.7;-32.4;3.3;1.0
Lampung;Jasa Lainnya;0.6;1.1;51.1;13.5;14.7;1.1
Kepulauan Bangka Belitung;Pertanian;1.7;1.2;-19.5;5.6;2.8;19.9
Kepulauan Bangka Belitung;Pertambangan;1.5;0.1;-27.5;-22.1;0.5;7.9
Kepulauan Bangka Belitung;Industri;1.0;0.5;-8.6;-19.9;1.9;21.2
Kepulauan Bangka Belitung;Pengadaan Listrik;0.1;1.5;-5.0;24.3;2.2;0.1
Kepulauan Bangka Belitung;Pengadaan Air;0.2;0.8;-1.7;-10.2;2.6;0.0
Kepulauan Bangka Belitung;Konstruksi;0.8;0.8;-2.1;-11.3;1.5;9.0
Kepulauan Bangka Belitung;Perdagangan;1.1;0.9;-4.1;-5.1;4.4;15.6
Kepulauan Bangka Belitung;Transportasi;0.9;0.7;36.9;-26.3;9.6;4.7
Kepulauan Bangka Belitung;Akmamin;0.9;1.3;14.6;22.0;8.3;3.2
Kepulauan Bangka Belitung;Informasi dan Komunikasi;0.5;1.4;71.9;54.0;10.6;2.3
Kepulauan Bangka Belitung;Jasa Keuangan;0.5;0.8;4.4;-8.4;5.3;1.9
Kepulauan Bangka Belitung;Real Estat;1.3;1.6;-14.4;20.6;4.1;3.4
Kepulauan Bangka Belitung;Jasa Perusahaan;0.1;0.5;33.7;-40.7;8.5;0.3
Kepulauan Bangka Belitung;Adm. Pemerintahan;1.8;1.5;-16.0;18.3;3.5;5.3
Kepulauan Bangka Belitung;Jasa Pendidikan;1.0;2.1;-13.1;40.4;7.8;3.0
Kepulauan Bangka Belitung;Jasa Kesehatan;1.1;0.8;46.7;-18.2;4.5;1.4
Kepulauan Bangka Belitung;Jasa Lainnya;0.4;0.9;51.1;-13.8;9.0;0.9
Kepulauan Riau;Pertanian;0.2;0.1;-19.5;-27.6;2.7;3.0
Kepulauan Riau;Pertambangan;1.5;-0.2;-27.5;-29.4;-0.4;10.9
Kepulauan Riau;Industri;2.1;1.4;-8.6;15.8;5.6;40.9
Kepulauan Riau;Pengadaan Listrik;1.1;1.6;-5.0;28.9;10.5;1.1
Kepulauan Riau;Pengadaan Air;1.6;0.9;-1.7;-2.8;6.7;0.1
Kepulauan Riau;Konstruksi;2.0;1.2;-2.1;10.8;6.6;19.9
Kepulauan Riau;Perdagangan;0.6;1.2;-4.1;11.5;8.2;9.2
Kepulauan Riau;Transportasi;0.4;0.1;36.9;-82.4;15.7;2.0
Kepulauan Riau;Akmamin;0.7;0.9;14.6;-5.3;21.0;1.8
Kepulauan Riau;Informasi dan Komunikasi;0.5;1.1;71.9;8.9;6.5;2.6
Kepulauan Riau;Jasa Keuangan;0.7;0.9;4.4;-6.6;6.1;2.7
Kepulauan Riau;Real Estat;0.5;0.5;-14.4;-18.7;5.3;1.1
Kepulauan Riau;Jasa Perusahaan;0.0;0.3;33.7;-62.0;13.8;0.0
Kepulauan Riau;Adm. Pemerintahan;0.7;1.4;-16.0;15.0;6.2;2.4
Kepulauan Riau;Jasa Pendidikan;0.4;0.7;-13.1;-11.1;4.2;1.3
Kepulauan Riau;Jasa Kesehatan;0.7;0.6;46.7;-41.1;4.4;0.8
Kepulauan Riau;Jasa Lainnya;0.1;0.0;51.1;-101.3;27.3;0.3
DKI Jakarta;Pertanian;0.0;0.4;-19.5;-18.1;1.7;0.1
DKI Jakarta;Pertambangan;0.0;-1.6;-27.5;-61.8;-7.8;0.2
DKI Jakarta;Industri;0.5;0.7;-8.6;-14.3;2.6;11.7
DKI Jakarta;Pengadaan Listrik;0.1;-0.6;-5.0;-72.3;-9.5;0.2
DKI Jakarta;Pengadaan Air;0.4;0.5;-1.7;-26.6;0.9;0.0
DKI Jakarta;Konstruksi;1.1;0.4;-2.1;-27.1;3.6;10.8
DKI Jakarta;Perdagangan;1.2;1.2;-4.1;7.5;6.2;17.8
DKI Jakarta;Transportasi;0.9;1.3;36.9;26.3;9.2;4.4
DKI Jakarta;Akmamin;1.6;1.0;14.6;-2.7;9.2;4.8
DKI Jakarta;Informasi dan Komunikasi;2.0;1.0;71.9;-1.4;6.4;9.3
DKI Jakarta;Jasa Keuangan;2.7;1.0;4.4;0.8;4.0;11.1
DKI Jakarta;Real Estat;2.1;0.9;-14.4;-4.6;1.8;5.5
DKI Jakarta;Jasa Perusahaan;4.2;1.0;33.7;-4.1;6.2;8.8
DKI Jakarta;Adm. Pemerintahan;1.0;0.4;-16.0;-22.3;2.2;4.4
DKI Jakarta;Jasa Pendidikan;1.5;1.0;-13.1;0.8;3.0;4.5
DKI Jakarta;Jasa Kesehatan;1.6;1.2;46.7;19.2;6.4;2.2
DKI Jakarta;Jasa Lainnya;2.0;0.9;51.1;-9.5;10.2;4.3
Jawa Barat;Pertanian;0.6;1.2;-19.5;4.9;4.0;8.6
Jawa Barat;Pertambangan;0.2;-0.6;-27.5;-37.1;-0.3;1.0
Jawa Barat;Industri;2.0;1.1;-8.6;2.8;4.5;41.5
Jawa Barat;Pengadaan Listrik;0.3;0.0;-5.0;-46.6;1.7;0.5
Jawa Barat;Pengadaan Air;1.1;1.4;-1.7;21.1;3.3;0.1
Jawa Barat;Konstruksi;0.8;1.1;-2.1;3.8;4.5;8.4
Jawa Barat;Perdagangan;1.1;0.8;-4.1;-8.0;4.6;14.4
Jawa Barat;Transportasi;1.2;1.0;36.9;-1.7;11.5;6.0
Jawa Barat;Akmamin;0.9;1.3;14.6;18.5;9.2;3.0
Jawa Barat;Informasi dan Komunikasi;1.0;1.6;71.9;73.4;7.8;3.8
Jawa Barat;Jasa Keuangan;0.6;0.8;4.4;-9.1;2.6;2.8
Jawa Barat;Real Estat;0.6;2.8;-14.4;67.0;6.4;1.2
Jawa Barat;Jasa Perusahaan;0.2;0.8;33.7;-18.1;7.9;0.5
Jawa Barat;Adm. Pemerintahan;0.5;0.5;-16.0;-15.9;3.3;1.8
Jawa Barat;Jasa Pendidikan;1.0;1.8;-13.1;31.0;5.1;3.3
Jawa Barat;Jasa Kesehatan;0.6;0.9;46.7;-12.0;6.9;0.8
Jawa Barat;Jasa Lainnya;1.1;0.8;51.1;-15.9;8.6;2.3
Jawa Tengah;Pertanian;1.0;0.7;-19.5;-9.1;2.4;13.2
Jawa Tengah;Pertambangan;0.3;1.6;-27.5;13.4;0.1;2.2
Jawa Tengah;Industri;1.6;0.9;-8.6;-5.7;3.9;33.8
Jawa Tengah;Pengadaan Listrik;0.1;1.4;-5.0;17.0;5.5;0.1
Jawa Tengah;Pengadaan Air;0.8;0.8;-1.7;-8.8;2.2;0.1
Jawa Tengah;Konstruksi;1.1;1.3;-2.1;14.1;5.6;11.3
Jawa Tengah;Perdagangan;1.1;1.1;-4.1;5.2;4.5;13.5
Jawa Tengah;Transportasi;0.9;1.0;36.9;3.5;23.4;4.0
Jawa Tengah;Akmamin;1.3;1.6;14.6;40.2;12.2;3.5
Jawa Tengah;Informasi dan Komunikasi;1.0;1.3;71.9;32.0;7.9;4.2
Jawa Tengah;Jasa Keuangan;0.6;0.7;4.4;-14.5;2.6;2.9
Jawa Tengah;Real Estat;0.7;1.7;-14.4;25.5;5.9;1.6
Jawa Tengah;Jasa Perusahaan;0.2;1.0;33.7;1.7;7.6;0.4
Jawa Tengah;Adm. Pemerintahan;0.8;0.8;-16.0;-6.6;3.9;2.4
Jawa Tengah;Jasa Pendidikan;1.4;1.7;-13.1;27.2;5.6;4.3
Jawa Tengah;Jasa Kesehatan;0.7;0.9;46.7;-14.4;5.2;0.9
Jawa Tengah;Jasa Lainnya;0.8;0.8;51.1;-21.1;8.5;1.6
DI Yogyakarta;Pertanian;0.7;0.9;-19.5;-4.0;3.2;10.1
DI Yogyakarta;Pertambangan;0.1;1.1;-27.5;1.9;4.7;0.4
DI Yogyakarta;Industri;0.5;0.8;-8.6;-6.4;3.5;11.8
DI Yogyakarta;Pengadaan Listrik;0.2;1.6;-5.0;27.1;7.3;0.1
DI Yogyakarta;Pengadaan Air;1.1;0.8;-1.7;-9.9;1.8;0.1
DI Yogyakarta;Konstruksi;1.1;1.5;-2.1;26.2;6.5;9.7
DI Yogyakarta;Perdagangan;0.6;0.9;-4.1;-2.7;4.6;8.1
DI Yogyakarta;Transportasi;1.0;0.5;36.9;-44.2;10.0;5.6
DI Yogyakarta;Akmamin;3.0;1.0;14.6;-1.3;9.0;10.4
DI Yogyakarta;Informasi dan Komunikasi;2.1;0.9;71.9;-7.2;4.1;9.9
DI Yogyakarta;Jasa Keuangan;0.9;1.0;4.4;1.1;5.9;4.2
DI Yogyakarta;Real Estat;2.5;1.2;-14.4;8.5;3.7;6.6
DI Yogyakarta;Jasa Perusahaan;0.5;0.5;33.7;-39.6;6.4;1.0
DI Yogyakarta;Adm. Pemerintahan;2.1;1.1;-16.0;2.7;4.5;7.5
DI Yogyakarta;Jasa Pendidikan;3.1;1.5;-13.1;18.8;3.9;8.3
DI Yogyakarta;Jasa Kesehatan;2.3;1.0;46.7;-3.4;5.7;3.2
DI Yogyakarta;Jasa Lainnya;1.4;0.8;51.1;-25.5;8.2;2.9
Jawa Timur;Pertanian;0.8;0.5;-19.5;-15.7;2.3;10.9
Jawa Timur;Pertambangan;0.5;0.5;-27.5;-11.5;-1.1;3.8
Jawa Timur;Industri;1.5;1.4;-8.6;16.1;5.4;30.8
Jawa Timur;Pengadaan Listrik;0.3;1.3;-5.0;12.3;10.9;0.3
Jawa Timur;Pengadaan Air;1.2;1.0;-1.7;1.6;2.7;0.1
Jawa Timur;Konstruksi;1.0;1.2;-2.1;8.6;5.7;8.9
Jawa Timur;Perdagangan;1.4;1.2;-4.1;10.8;5.3;18.7
Jawa Timur;Transportasi;0.7;0.9;36.9;-5.8;12.4;4.0
Jawa Timur;Akmamin;1.8;1.1;14.6;8.1;8.1;5.9
Jawa Timur;Informasi dan Komunikasi;1.0;0.8;71.9;-25.7;6.3;4.9
Jawa Timur;Jasa Keuangan;0.6;0.7;4.4;-18.8;3.1;2.6
Jawa Timur;Real Estat;0.6;1.3;-14.4;12.8;3.4;1.6
Jawa Timur;Jasa Perusahaan;0.4;0.7;33.7;-23.2;7.6;0.8
Jawa Timur;Adm. Pemerintahan;0.6;0.8;-16.0;-7.6;2.5;2.1
Jawa Timur;Jasa Pendidikan;0.9;1.4;-13.1;15.6;4.2;2.5
Jawa Timur;Jasa Kesehatan;0.5;0.8;46.7;-22.4;4.5;0.7
Jawa Timur;Jasa Lainnya;0.7;0.6;51.1;-42.1;9.5;1.4
Banten;Pertanian;0.5;1.3;-19.5;9.4;3.7;5.8
Banten;Pertambangan;0.0;-1.6;-27.5;-61.4;-9.9;0.4
Banten;Industri;1.7;0.9;-8.6;-3.2;4.9;30.4
Banten;Pengadaan Listrik;0.7;0.0;-5.0;-48.3;-0.2;1.4
Banten;Pengadaan Air;1.3;1.4;-1.7;19.7;4.3;0.1
Banten;Konstruksi;1.1;1.5;-2.1;23.9;4.5;11.9
Banten;Perdagangan;1.0;1.0;-4.1;-0.5;4.2;12.4
Banten;Transportasi;1.3;0.6;36.9;-38.9;12.4;10.8
Banten;Akmamin;0.8;1.2;14.6;12.1;7.5;2.4
Banten;Informasi dan Komunikasi;1.0;0.8;71.9;-21.2;6.2;3.7
Banten;Jasa Keuangan;0.7;0.8;4.4;-11.6;0.6;3.1
Banten;Real Estat;3.4;1.9;-14.4;33.5;4.4;7.9
Banten;Jasa Perusahaan;0.5;0.7;33.7;-25.1;6.0;1.1
Banten;Adm. Pemerintahan;0.6;1.7;-16.0;24.5;6.4;2.1
Banten;Jasa Pendidikan;1.0;1.5;-13.1;18.8;4.3;3.3
Banten;Jasa Kesehatan;1.0;1.0;46.7;-2.5;5.3;1.5
Banten;Jasa Lainnya;0.7;0.7;51.1;-34.9;6.4;1.7
Bali;Pertanian;1.1;0.6;-19.5;-13.9;0.7;13.7
Bali;Pertambangan;0.1;0.1;-27.5;-21.1;2.0;0.9
Bali;Industri;0.3;0.7;-8.6;-12.5;4.3;6.3
Bali;Pengadaan Listrik;0.2;1.1;-5.0;3.2;11.6;0.2
Bali;Pengadaan Air;2.4;0.4;-1.7;-28.6;1.7;0.2
Bali;Konstruksi;1.0;0.9;-2.1;-2.9;2.6;9.7
Bali;Perdagangan;0.7;1.1;-4.1;2.9;5.4;8.9
Bali;Transportasi;1.3;0.2;36.9;-67.0;14.8;9.6
Bali;Akmamin;6.0;0.6;14.6;-27.4;13.0;20.4
Bali;Informasi dan Komunikasi;1.1;0.5;71.9;-63.9;1.9;5.6
Bali;Jasa Keuangan;1.3;1.1;4.4;7.4;9.6;4.9
Bali;Real Estat;1.7;0.8;-14.4;-6.0;1.8;4.0
Bali;Jasa Perusahaan;0.6;0.7;33.7;-25.6;7.4;1.2
Bali;Adm. Pemerintahan;1.9;0.8;-16.0;-6.7;3.4;5.2
Bali;Jasa Pendidikan;1.9;1.1;-13.1;3.4;2.0;5.0
Bali;Jasa Kesehatan;1.9;0.7;46.7;-32.4;3.0;2.5
Bali;Jasa Lainnya;0.9;0.7;51.1;-34.7;7.5;1.8
Nusa Tenggara Barat;Pertanian;1.9;0.9;-19.5;-4.3;2.7;21.7
Nusa Tenggara Barat;Pertambangan;2.1;-1.3;-27.5;-53.5;1.0;18.7
Nusa Tenggara Barat;Industri;0.4;3.0;-8.6;83.7;21.3;4.5
Nusa Tenggara Barat;Pengadaan Listrik;0.1;2.2;-5.0;56.7;7.3;0.1
Nusa Tenggara Barat;Pengadaan Air;0.9;0.6;-1.7;-21.9;2.5;0.1
Nusa Tenggara Barat;Konstruksi;1.0;0.9;-2.1;-3.9;3.8;9.2
Nusa Tenggara Barat;Perdagangan;1.1;1.3;-4.1;13.2;6.0;14.3
Nusa Tenggara Barat;Transportasi;1.2;0.1;36.9;-77.1;8.2;5.8
Nusa Tenggara Barat;Akmamin;0.5;0.4;14.6;-36.7;12.4;1.7
Nusa Tenggara Barat;Informasi dan Komunikasi;0.4;0.6;71.9;-45.6;3.8;2.0
Nusa Tenggara Barat;Jasa Keuangan;1.0;1.4;4.4;21.9;3.5;4.0
Nusa Tenggara Barat;Real Estat;1.2;1.4;-14.4;12.9;4.1;2.9
Nusa Tenggara Barat;Jasa Perusahaan;0.1;0.6;33.7;-30.8;6.3;0.2
Nusa Tenggara Barat;Adm. Pemerintahan;1.7;0.9;-16.0;-2.7;3.2;5.9
Nusa Tenggara Barat;Jasa Pendidikan;1.7;1.3;-13.1;11.1;3.5;4.8
Nusa Tenggara Barat;Jasa Kesehatan;1.6;0.6;46.7;-36.6;4.3;1.9
Nusa Tenggara Barat;Jasa Lainnya;1.1;0.5;51.1;-47.1;6.6;2.1
Nusa Tenggara Timur;Pertanian;2.4;1.1;-19.5;4.6;2.9;29.1
Nusa Tenggara Timur;Pertambangan;0.2;0.4;-27.5;-13.7;2.5;1.0
Nusa Tenggara Timur;Industri;0.1;1.3;-8.6;14.4;7.9;1.4
Nusa Tenggara Timur;Pengadaan Listrik;0.1;2.2;-5.0;55.2;7.7;0.1
Nusa Tenggara Timur;Pengadaan Air;0.9;1.0;-1.7;1.7;3.1;0.1
Nusa Tenggara Timur;Konstruksi;1.0;0.7;-2.1;-15.6;2.3;10.1
Nusa Tenggara Timur;Perdagangan;1.0;1.5;-4.1;23.9;7.8;12.7
Nusa Tenggara Timur;Transportasi;1.0;0.4;36.9;-50.2;4.6;5.0
Nusa Tenggara Timur;Akmamin;0.2;1.4;14.6;25.2;12.8;0.7
Nusa Tenggara Timur;Informasi dan Komunikasi;1.4;0.5;71.9;-59.8;3.4;6.9
Nusa Tenggara Timur;Jasa Keuangan;1.0;1.0;4.4;-1.4;3.1;4.4
Nusa Tenggara Timur;Real Estat;0.8;0.7;-14.4;-9.2;2.5;2.4
Nusa Tenggara Timur;Jasa Perusahaan;0.1;-0.4;33.7;-115.7;4.9;0.1
Nusa Tenggara Timur;Adm. Pemerintahan;4.3;1.4;-16.0;14.6;4.1;12.7
Nusa Tenggara Timur;Jasa Pendidikan;2.8;0.9;-13.1;-2.6;3.4;9.0
Nusa Tenggara Timur;Jasa Kesehatan;1.8;0.7;46.7;-27.9;3.7;2.6
Nusa Tenggara Timur;Jasa Lainnya;0.8;0.1;51.1;-89.7;2.7;1.6
Kalimantan Barat;Pertanian;1.9;1.4;-19.5;12.7;2.2;21.3
Kalimantan Barat;Pertambangan;0.8;4.4;-27.5;80.2;5.1;5.9
Kalimantan Barat;Industri;0.7;0.9;-8.6;-4.0;3.3;15.9
Kalimantan Barat;Pengadaan Listrik;0.1;2.6;-5.0;73.1;8.5;0.1
Kalimantan Barat;Pengadaan Air;1.9;1.2;-1.7;12.3;4.3;0.1
Kalimantan Barat;Konstruksi;1.1;0.8;-2.1;-7.8;5.0;12.5
Kalimantan Barat;Perdagangan;1.2;1.1;-4.1;4.7;7.9;14.1
Kalimantan Barat;Transportasi;0.8;0.4;36.9;-53.1;9.7;4.5
Kalimantan Barat;Akmamin;0.7;0.7;14.6;-21.1;7.2;2.1
Kalimantan Barat;Informasi dan Komunikasi;0.9;1.0;71.9;3.3;7.8;4.0
Kalimantan Barat;Jasa Keuangan;0.9;0.9;4.4;-5.5;3.9;3.2
Kalimantan Barat;Real Estat;1.1;1.4;-14.4;15.0;6.6;2.6
Kalimantan Barat;Jasa Perusahaan;0.2;0.6;33.7;-33.4;8.6;0.4
Kalimantan Barat;Adm. Pemerintahan;1.5;1.3;-16.0;9.9;3.8;6.4
Kalimantan Barat;Jasa Pendidikan;1.3;0.9;-13.1;-2.2;6.5;3.4
Kalimantan Barat;Jasa Kesehatan;2.0;2.0;46.7;102.1;9.3;2.6
Kalimantan Barat;Jasa Lainnya;0.5;0.6;51.1;-39.4;10.4;0.8
Kalimantan Tengah;Pertanian;1.8;1.5;-19.5;15.6;3.3;21.8
Kalimantan Tengah;Pertambangan;2.0;1.6;-27.5;15.0;5.3;12.4
Kalimantan Tengah;Industri;0.8;1.4;-8.6;17.8;4.4;15.8
Kalimantan Tengah;Pengadaan Listrik;0.1;2.4;-5.0;63.6;5.4;0.1
Kalimantan Tengah;Pengadaan Air;1.1;1.3;-1.7;14.9;4.4;0.1
Kalimantan Tengah;Konstruksi;0.8;0.9;-2.1;-2.6;4.9;8.6
Kalimantan Tengah;Perdagangan;1.0;1.7;-4.1;31.6;6.2;12.4
Kalimantan Tengah;Transportasi;1.5;1.0;36.9;-1.7;8.1;7.1
Kalimantan Tengah;Akmamin;0.6;1.1;14.6;6.7;7.8;1.8
Kalimantan Tengah;Informasi dan Komunikasi;0.2;0.8;71.9;-26.7;4.2;1.0
Kalimantan Tengah;Jasa Keuangan;0.9;1.5;4.4;25.7;5.3;3.3
Kalimantan Tengah;Real Estat;0.7;1.6;-14.4;20.3;5.4;2.0
Kalimantan Tengah;Jasa Perusahaan;0.0;0.8;33.7;-20.6;9.8;0.0
Kalimantan Tengah;Adm. Pemerintahan;1.9;1.4;-16.0;15.0;5.4;5.6
Kalimantan Tengah;Jasa Pendidikan;1.5;1.5;-13.1;20.9;4.2;4.7
Kalimantan Tengah;Jasa Kesehatan;1.5;1.0;46.7;1.5;6.2;2.4
Kalimantan Tengah;Jasa Lainnya;0.4;0.6;51.1;-43.3;7.4;0.9
Kalimantan Selatan;Pertanian;1.2;1.1;-19.5;4.0;3.9;11.6
Kalimantan Selatan;Pertambangan;3.2;1.0;-27.5;-0.7;2.9;30.0
Kalimantan Selatan;Industri;0.6;1.1;-8.6;3.7;4.6;11.2
Kalimantan Selatan;Pengadaan Listrik;0.1;1.7;-5.0;33.8;7.6;0.1
Kalimantan Selatan;Pengadaan Air;5.4;1.5;-1.7;25.8;4.8;0.4
Kalimantan Selatan;Konstruksi;0.8;1.2;-2.1;7.5;5.4;7.0
Kalimantan Selatan;Perdagangan;0.7;1.6;-4.1;27.1;6.9;9.7
Kalimantan Selatan;Transportasi;1.5;1.0;36.9;-1.2;10.6;7.0
Kalimantan Selatan;Akmamin;0.7;1.3;14.6;22.3;9.2;1.9
Kalimantan Selatan;Informasi dan Komunikasi;0.7;0.9;71.9;-18.2;7.2;3.4
Kalimantan Selatan;Jasa Keuangan;0.8;0.9;4.4;-3.7;5.2;3.1
Kalimantan Selatan;Real Estat;1.0;2.0;-14.4;37.0;6.2;2.1
Kalimantan Selatan;Jasa Perusahaan;0.3;0.9;33.7;-4.8;7.3;0.7
Kalimantan Selatan;Adm. Pemerintahan;1.6;1.0;-16.0;0.6;3.5;4.9
Kalimantan Selatan;Jasa Pendidikan;1.6;1.6;-13.1;23.2;4.5;4.0
Kalimantan Selatan;Jasa Kesehatan;1.5;0.9;46.7;-7.5;5.6;2.0
Kalimantan Selatan;Jasa Lainnya;0.6;0.8;51.1;-25.5;7.4;1.2
Kalimantan Timur;Pertanian;0.6;1.1;-19.5;2.0;3.7;8.3
Kalimantan Timur;Pertambangan;6.4;0.9;-27.5;-3.5;3.8;42.2
Kalimantan Timur;Industri;1.0;0.8;-8.6;-10.0;5.3;17.8
Kalimantan Timur;Pengadaan Listrik;0.1;2.9;-5.0;87.8;10.6;0.1
Kalimantan Timur;Pengadaan Air;0.7;1.7;-1.7;33.7;7.6;0.1
Kalimantan Timur;Konstruksi;0.9;1.4;-2.1;21.5;9.3;10.4
Kalimantan Timur;Perdagangan;0.5;1.7;-4.1;34.0;8.3;6.5
Kalimantan Timur;Transportasi;0.7;0.7;36.9;-24.7;9.5;4.1
Kalimantan Timur;Akmamin;0.3;1.4;14.6;25.8;10.4;1.0
Kalimantan Timur;Informasi dan Komunikasi;0.3;0.8;71.9;-21.1;7.9;1.4
Kalimantan Timur;Jasa Keuangan;0.4;0.8;4.4;-10.6;6.5;1.8
Kalimantan Timur;Real Estat;0.3;0.9;-14.4;-2.8;5.3;0.8
Kalimantan Timur;Jasa Perusahaan;0.1;0.5;33.7;-45.1;7.2;0.2
Kalimantan Timur;Adm. Pemerintahan;0.7;1.4;-16.0;13.7;10.5;2.0
Kalimantan Timur;Jasa Pendidikan;0.5;1.7;-13.1;27.7;5.5;1.7
Kalimantan Timur;Jasa Kesehatan;0.6;1.4;46.7;36.5;6.6;0.9
Kalimantan Timur;Jasa Lainnya;0.3;0.9;51.1;-13.6;9.5;0.7
Kalimantan Utara;Pertanian;1.5;1.5;-19.5;17.2;3.1;14.5
Kalimantan Utara;Pertambangan;3.4;1.0;-27.5;-0.5;2.5;31.5
Kalimantan Utara;Industri;0.4;1.0;-8.6;0.0;5.0;8.1
Kalimantan Utara;Pengadaan Listrik;0.1;2.5;-5.0;68.2;7.5;0.1
Kalimantan Utara;Pengadaan Air;0.9;1.3;-1.7;15.3;5.1;0.1
Kalimantan Utara;Konstruksi;1.4;1.7;-2.1;32.9;7.5;12.3
Kalimantan Utara;Perdagangan;1.0;2.3;-4.1;58.8;8.8;12.4
Kalimantan Utara;Transportasi;1.3;0.8;36.9;-17.5;6.8;7.1
Kalimantan Utara;Akmamin;0.5;1.7;14.6;46.4;10.1;1.6
Kalimantan Utara;Informasi dan Komunikasi;0.5;0.8;71.9;-20.3;6.2;2.5
Kalimantan Utara;Jasa Keuangan;0.3;1.5;4.4;26.8;7.9;1.1
Kalimantan Utara;Real Estat;0.3;1.3;-14.4;10.0;4.7;0.6
Kalimantan Utara;Jasa Perusahaan;0.1;0.3;33.7;-61.5;3.9;0.2
Kalimantan Utara;Adm. Pemerintahan;1.5;1.3;-16.0;10.5;2.6;4.1
Kalimantan Utara;Jasa Pendidikan;0.9;2.0;-13.1;38.1;4.8;2.3
Kalimantan Utara;Jasa Kesehatan;0.8;0.8;46.7;-15.6;2.8;1.0
Kalimantan Utara;Jasa Lainnya;0.3;1.1;51.1;12.7;7.4;0.7
Sulawesi Utara;Pertanian;1.7;1.7;-19.5;21.3;5.5;20.7
Sulawesi Utara;Pertambangan;0.6;2.0;-27.5;23.4;1.4;5.0
Sulawesi Utara;Industri;0.5;1.7;-8.6;28.5;7.1;10.8
Sulawesi Utara;Pengadaan Listrik;0.1;2.1;-5.0;51.7;5.6;0.1
Sulawesi Utara;Pengadaan Air;1.4;0.6;-1.7;-20.1;2.5;0.1
Sulawesi Utara;Konstruksi;1.3;1.0;-2.1;1.1;3.0;10.9
Sulawesi Utara;Perdagangan;1.0;1.4;-4.1;19.9;6.2;13.5
Sulawesi Utara;Transportasi;1.8;0.8;36.9;-20.8;9.8;11.3
Sulawesi Utara;Akmamin;0.6;0.8;14.6;-10.4;9.2;1.7
Sulawesi Utara;Informasi dan Komunikasi;0.8;0.8;71.9;-30.5;5.7;4.0
Sulawesi Utara;Jasa Keuangan;0.9;1.0;4.4;-0.8;1.2;3.5
Sulawesi Utara;Real Estat;1.3;1.4;-14.4;15.8;4.5;3.0
Sulawesi Utara;Jasa Perusahaan;0.0;0.7;33.7;-26.1;4.5;0.1
Sulawesi Utara;Adm. Pemerintahan;2.0;1.1;-16.0;5.2;4.5;6.7
Sulawesi Utara;Jasa Pendidikan;1.0;2.1;-13.1;41.9;6.4;3.0
Sulawesi Utara;Jasa Kesehatan;3.4;1.0;46.7;4.3;6.0;4.0
Sulawesi Utara;Jasa Lainnya;0.9;0.9;51.1;-10.3;8.3;1.7
Sulawesi Tengah;Pertanian;1.3;1.0;-19.5;-1.2;2.7;15.9
Sulawesi Tengah;Pertambangan;2.3;13.0;-27.5;283.3;11.1;15.1
Sulawesi Tengah;Industri;2.1;25.6;-8.6;1047.5;22.1;40.8
Sulawesi Tengah;Pengadaan Listrik;0.0;1.7;-5.0;31.7;7.0;0.0
Sulawesi Tengah;Pengadaan Air;0.9;0.8;-1.7;-9.3;3.7;0.1
Sulawesi Tengah;Konstruksi;0.7;1.1;-2.1;3.5;4.0;8.2
Sulawesi Tengah;Perdagangan;0.4;1.3;-4.1;13.8;7.0;5.7
Sulawesi Tengah;Transportasi;0.4;0.3;36.9;-57.6;10.6;2.1
Sulawesi Tengah;Akmamin;0.1;1.0;14.6;1.5;8.7;0.3
Sulawesi Tengah;Informasi dan Komunikasi;0.4;0.8;71.9;-18.9;5.5;2.1
Sulawesi Tengah;Jasa Keuangan;0.4;1.5;4.4;29.8;4.8;1.4
Sulawesi Tengah;Real Estat;0.4;1.4;-14.4;15.5;6.6;1.1
Sulawesi Tengah;Jasa Perusahaan;0.1;0.6;33.7;-30.2;5.8;0.1
Sulawesi Tengah;Adm. Pemerintahan;1.0;1.5;-16.0;15.8;1.9;3.6
Sulawesi Tengah;Jasa Pendidikan;0.7;1.1;-13.1;3.4;4.2;2.0
Sulawesi Tengah;Jasa Kesehatan;0.6;0.8;46.7;-20.5;4.3;0.9
Sulawesi Tengah;Jasa Lainnya;0.2;0.5;51.1;-48.6;5.8;0.5
Sulawesi Selatan;Pertanian;1.7;1.5;-19.5;17.1;3.4;22.2
Sulawesi Selatan;Pertambangan;0.7;1.4;-27.5;9.6;5.3;4.8
Sulawesi Selatan;Industri;0.7;1.3;-8.6;13.7;6.0;12.9
Sulawesi Selatan;Pengadaan Listrik;0.1;1.9;-5.0;41.9;5.5;0.1
Sulawesi Selatan;Pengadaan Air;1.4;1.2;-1.7;11.1;4.4;0.1
Sulawesi Selatan;Konstruksi;1.2;1.3;-2.1;14.0;2.9;13.7
Sulawesi Selatan;Perdagangan;1.2;1.9;-4.1;40.6;5.4;14.7
Sulawesi Selatan;Transportasi;0.7;0.6;36.9;-31.1;9.9;4.4
Sulawesi Selatan;Akmamin;0.5;1.3;14.6;19.3;9.5;1.4
Sulawesi Selatan;Informasi dan Komunikasi;1.2;1.0;71.9;-1.2;6.1;5.4
Sulawesi Selatan;Jasa Keuangan;0.8;1.1;4.4;5.9;4.9;3.6
Sulawesi Selatan;Real Estat;1.3;1.7;-14.4;24.3;5.4;3.5
Sulawesi Selatan;Jasa Perusahaan;0.2;1.1;33.7;8.0;9.2;0.5
Sulawesi Selatan;Adm. Pemerintahan;1.3;1.3;-16.0;11.7;3.0;4.0
Sulawesi Selatan;Jasa Pendidikan;2.0;2.1;-13.1;40.6;4.3;5.0
Sulawesi Selatan;Jasa Kesehatan;1.9;1.4;46.7;36.6;9.3;2.5
Sulawesi Selatan;Jasa Lainnya;0.8;1.2;51.1;16.3;11.5;1.5
Sulawesi Tenggara;Pertanian;1.9;1.8;-19.5;25.7;4.7;23.4
Sulawesi Tenggara;Pertambangan;2.7;2.1;-27.5;25.7;5.5;20.8
Sulawesi Tenggara;Industri;0.5;4.1;-8.6;132.5;14.4;9.2
Sulawesi Tenggara;Pengadaan Listrik;0.1;1.3;-5.0;12.8;5.2;0.0
Sulawesi Tenggara;Pengadaan Air;2.0;0.7;-1.7;-15.7;1.5;0.1
Sulawesi Tenggara;Konstruksi;1.2;0.9;-2.1;-2.9;1.4;12.5
Sulawesi Tenggara;Perdagangan;1.0;1.6;-4.1;29.9;5.7;12.7
Sulawesi Tenggara;Transportasi;0.9;0.7;36.9;-24.6;6.1;4.5
Sulawesi Tenggara;Akmamin;0.2;1.1;14.6;6.5;7.8;0.5
Sulawesi Tenggara;Informasi dan Komunikasi;0.4;0.9;71.9;-13.8;7.7;1.6
Sulawesi Tenggara;Jasa Keuangan;0.6;1.2;4.4;12.9;3.8;2.3
Sulawesi Tenggara;Real Estat;0.5;0.8;-14.4;-6.5;3.0;1.1
Sulawesi Tenggara;Jasa Perusahaan;0.1;0.7;33.7;-24.5;6.6;0.2
Sulawesi Tenggara;Adm. Pemerintahan;1.6;1.4;-16.0;12.8;5.4;4.5
Sulawesi Tenggara;Jasa Pendidikan;1.7;1.8;-13.1;32.1;5.0;4.4
Sulawesi Tenggara;Jasa Kesehatan;0.7;0.7;46.7;-32.2;2.9;0.9
Sulawesi Tenggara;Jasa Lainnya;0.6;0.6;51.1;-46.0;6.9;1.1
Gorontalo;Pertanian;3.1;1.6;-19.5;20.4;3.4;37.5
Gorontalo;Pertambangan;0.2;1.9;-27.5;21.5;5.9;1.1
Gorontalo;Industri;0.2;1.9;-8.6;39.5;7.0;4.6
Gorontalo;Pengadaan Listrik;0.1;2.2;-5.0;53.9;5.0;0.0
Gorontalo;Pengadaan Air;0.7;1.9;-1.7;45.0;3.0;0.1
Gorontalo;Konstruksi;1.2;0.9;-2.1;-5.8;5.8;11.1
Gorontalo;Perdagangan;1.1;2.4;-4.1;64.3;8.7;13.9
Gorontalo;Transportasi;1.2;0.7;36.9;-30.6;7.2;5.9
Gorontalo;Akmamin;0.8;1.2;14.6;13.5;6.0;2.3
Gorontalo;Informasi dan Komunikasi;0.5;0.8;71.9;-27.5;5.2;2.7
Gorontalo;Jasa Keuangan;0.9;1.1;4.4;3.8;-1.3;4.1
Gorontalo;Real Estat;0.7;1.2;-14.4;8.8;3.6;1.6
Gorontalo;Jasa Perusahaan;0.0;0.4;33.7;-53.2;2.9;0.1
Gorontalo;Adm. Pemerintahan;2.2;0.5;-16.0;-16.9;3.0;5.7
Gorontalo;Jasa Pendidikan;1.5;1.5;-13.1;17.3;2.3;4.3
Gorontalo;Jasa Kesehatan;2.7;0.7;46.7;-30.0;3.8;3.7
Gorontalo;Jasa Lainnya;0.7;0.3;51.1;-74.2;3.0;1.3
Sulawesi Barat;Pertanian;3.5;1.6;-19.5;17.9;4.5;45.7
Sulawesi Barat;Pertambangan;0.3;2.8;-27.5;41.8;4.4;2.2
Sulawesi Barat;Industri;0.6;1.4;-8.6;14.9;7.0;11.0
Sulawesi Barat;Pengadaan Listrik;0.1;2.8;-5.0;84.3;8.5;0.0
Sulawesi Barat;Pengadaan Air;2.1;1.0;-1.7;2.5;1.9;0.1
Sulawesi Barat;Konstruksi;0.7;0.6;-2.1;-20.4;0.3;7.0
Sulawesi Barat;Perdagangan;0.8;1.1;-4.1;3.3;4.8;9.8
Sulawesi Barat;Transportasi;0.4;0.7;36.9;-27.1;8.3;1.5
Sulawesi Barat;Akmamin;0.1;1.3;14.6;20.6;10.0;0.2
Sulawesi Barat;Informasi dan Komunikasi;0.8;0.7;71.9;-33.9;5.4;3.9
Sulawesi Barat;Jasa Keuangan;0.5;1.2;4.4;9.5;2.1;2.1
Sulawesi Barat;Real Estat;1.1;1.5;-14.4;20.1;5.4;2.5
Sulawesi Barat;Jasa Perusahaan;0.0;0.7;33.7;-29.6;7.3;0.1
Sulawesi Barat;Adm. Pemerintahan;2.4;0.8;-16.0;-5.9;2.1;6.3
Sulawesi Barat;Jasa Pendidikan;1.8;1.2;-13.1;7.4;4.6;4.3
Sulawesi Barat;Jasa Kesehatan;1.5;0.6;46.7;-35.6;4.6;1.8
Sulawesi Barat;Jasa Lainnya;1.0;0.7;51.1;-34.2;5.5;1.6
Maluku;Pertanian;2.1;1.7;-19.5;22.5;5.3;23.7
Maluku;Pertambangan;0.3;-0.4;-27.5;-33.4;0.3;1.9
Maluku;Industri;0.3;2.2;-8.6;50.1;9.5;6.2
Maluku;Pengadaan Listrik;0.1;1.1;-5.0;6.7;5.0;0.1
Maluku;Pengadaan Air;5.2;0.8;-1.7;-11.4;2.5;0.4
Maluku;Konstruksi;0.7;1.2;-2.1;8.2;4.1;7.8
Maluku;Perdagangan;1.2;1.5;-4.1;25.2;7.2;13.8
Maluku;Transportasi;1.0;0.4;36.9;-50.2;5.6;5.4
Maluku;Akmamin;0.5;0.4;14.6;-39.8;3.8;1.5
Maluku;Informasi dan Komunikasi;0.6;0.5;71.9;-56.5;5.6;3.1
Maluku;Jasa Keuangan;1.0;1.2;4.4;9.9;3.7;4.1
Maluku;Real Estat;0.1;0.9;-14.4;-4.2;3.8;0.3
Maluku;Jasa Perusahaan;0.5;0.6;33.7;-36.6;5.0;1.0
Maluku;Adm. Pemerintahan;6.3;1.5;-16.0;17.7;3.4;21.5
Maluku;Jasa Pendidikan;1.9;1.5;-13.1;18.6;3.9;5.4
Maluku;Jasa Kesehatan;1.7;0.8;46.7;-24.1;6.4;2.4
Maluku;Jasa Lainnya;0.8;0.5;51.1;-50.0;5.5;1.6
Maluku Utara;Pertanian;0.8;1.3;-19.5;8.5;3.8;12.2
Maluku Utara;Pertambangan;3.2;29.9;-27.5;683.8;39.1;19.3
Maluku Utara;Industri;2.0;62.9;-8.6;2632.8;52.2;34.5
Maluku Utara;Pengadaan Listrik;0.1;5.7;-5.0;216.0;23.4;0.1
Maluku Utara;Pengadaan Air;0.5;1.3;-1.7;16.0;4.9;0.0
Maluku Utara;Konstruksi;0.4;1.9;-2.1;45.7;6.7;4.3
Maluku Utara;Perdagangan;0.7;1.8;-4.1;36.2;9.4;10.0
Maluku Utara;Transportasi;0.5;0.7;36.9;-28.1;10.6;3.4
Maluku Utara;Akmamin;0.1;1.0;14.6;-2.0;3.7;0.2
Maluku Utara;Informasi dan Komunikasi;0.3;0.6;71.9;-46.5;3.4;2.0
Maluku Utara;Jasa Keuangan;0.4;2.0;4.4;54.8;8.0;2.0
Maluku Utara;Real Estat;0.0;1.7;-14.4;25.6;5.4;0.1
Maluku Utara;Jasa Perusahaan;0.1;0.7;33.7;-25.8;4.6;0.2
Maluku Utara;Adm. Pemerintahan;2.1;1.3;-16.0;9.9;3.3;8.3
Maluku Utara;Jasa Pendidikan;0.5;1.1;-13.1;4.1;3.0;1.8
Maluku Utara;Jasa Kesehatan;0.7;0.7;46.7;-34.1;3.3;1.2
Maluku Utara;Jasa Lainnya;0.2;0.7;51.1;-33.5;4.5;0.4
Papua Barat;Pertanian;0.6;0.3;-19.5;-22.4;-0.8;7.6
Papua Barat;Pertambangan;3.5;2.0;-27.5;23.4;10.6;24.3
Papua Barat;Industri;2.2;2.0;-8.6;40.4;13.9;36.9
Papua Barat;Pengadaan Listrik;0.0;2.5;-5.0;69.5;7.8;0.0
Papua Barat;Pengadaan Air;0.9;1.1;-1.7;4.7;2.0;0.1
Papua Barat;Konstruksi;0.6;0.4;-2.1;-28.9;-5.2;9.1
Papua Barat;Perdagangan;0.3;1.7;-4.1;30.8;6.2;5.0
Papua Barat;Transportasi;0.3;0.3;36.9;-61.5;3.9;1.8
Papua Barat;Akmamin;0.1;1.2;14.6;13.8;7.5;0.5
Papua Barat;Informasi dan Komunikasi;0.2;0.6;71.9;-54.1;3.9;1.1
Papua Barat;Jasa Keuangan;0.2;1.0;4.4;1.2;3.3;1.3
Papua Barat;Real Estat;0.3;1.5;-14.4;20.0;5.6;1.0
Papua Barat;Jasa Perusahaan;0.0;0.5;33.7;-45.1;5.0;0.1
Papua Barat;Adm. Pemerintahan;2.3;1.5;-16.0;16.4;4.7;9.0
Papua Barat;Jasa Pendidikan;0.5;1.0;-13.1;-0.2;4.0;1.3
Papua Barat;Jasa Kesehatan;0.4;0.7;46.7;-33.4;3.3;0.6
Papua Barat;Jasa Lainnya;0.1;0.7;51.1;-33.5;7.5;0.2
Papua Barat Daya;Pertanian;1.0;0.8;-19.5;-5.3;1.7;12.3
Papua Barat Daya;Pertambangan;1.9;1.2;-27.5;5.2;5.3;10.2
Papua Barat Daya;Industri;1.0;0.6;-8.6;-16.6;3.6;17.5
Papua Barat Daya;Pengadaan Listrik;0.1;1.5;-5.0;24.8;4.0;0.1
Papua Barat Daya;Pengadaan Air;2.2;0.9;-1.7;-6.3;2.9;0.2
Papua Barat Daya;Konstruksi;1.3;0.0;-2.1;-46.7;-1.4;15.1
Papua Barat Daya;Perdagangan;1.0;1.7;-4.1;31.2;4.6;13.5
Papua Barat Daya;Transportasi;0.7;0.5;36.9;-47.9;3.9;4.2
Papua Barat Daya;Akmamin;0.3;1.3;14.6;19.5;9.1;1.2
Papua Barat Daya;Informasi dan Komunikasi;0.5;0.7;71.9;-42.1;1.6;3.2
Papua Barat Daya;Jasa Keuangan;0.5;0.6;4.4;-21.0;1.5;2.7
Papua Barat Daya;Real Estat;0.7;2.0;-14.4;36.6;4.5;1.9
Papua Barat Daya;Jasa Perusahaan;0.1;0.5;33.7;-42.3;4.2;0.2
Papua Barat Daya;Adm. Pemerintahan;3.5;1.3;-16.0;12.3;3.9;12.6
Papua Barat Daya;Jasa Pendidikan;1.4;1.1;-13.1;3.1;3.3;3.4
Papua Barat Daya;Jasa Kesehatan;0.9;0.7;46.7;-30.8;4.9;1.3
Papua Barat Daya;Jasa Lainnya;0.2;0.4;51.1;-59.6;3.3;0.5
Papua;Pertanian;1.2;0.8;-19.5;-7.4;2.0;14.4
Papua;Pertambangan;0.1;1.7;-27.5;15.5;3.1;0.8
Papua;Industri;0.1;0.6;-8.6;-16.5;2.0;3.0
Papua;Pengadaan Listrik;0.1;1.6;-5.0;29.5;6.9;0.1
Papua;Pengadaan Air;1.5;0.6;-1.7;-21.9;2.8;0.1
Papua;Konstruksi;1.8;0.9;-2.1;-3.0;1.6;20.1
Papua;Perdagangan;1.2;1.3;-4.1;15.7;5.9;16.0
Papua;Transportasi;1.4;0.4;36.9;-56.0;7.3;8.0
Papua;Akmamin;0.4;0.2;14.6;-51.6;2.4;1.3
Papua;Informasi dan Komunikasi;1.1;0.5;71.9;-64.2;4.7;6.1
Papua;Jasa Keuangan;0.8;0.9;4.4;-6.2;5.4;3.6
Papua;Real Estat;2.0;1.7;-14.4;26.4;6.3;4.7
Papua;Jasa Perusahaan;1.3;0.6;33.7;-34.9;4.0;2.4
Papua;Adm. Pemerintahan;4.4;1.3;-16.0;12.0;3.6;12.0
Papua;Jasa Pendidikan;1.3;1.0;-13.1;1.3;3.6;2.7
Papua;Jasa Kesehatan;2.1;0.5;46.7;-44.4;2.0;2.9
Papua;Jasa Lainnya;1.0;0.5;51.1;-50.4;3.8;1.8
Papua Selatan;Pertanian;2.1;0.8;-19.5;-5.9;2.9;21.7
Papua Selatan;Pertambangan;0.2;2.6;-27.5;38.0;3.6;1.2
Papua Selatan;Industri;0.3;0.1;-8.6;-36.8;1.4;5.6
Papua Selatan;Pengadaan Listrik;0.0;2.0;-5.0;47.1;5.2;0.0
Papua Selatan;Pengadaan Air;0.9;0.5;-1.7;-25.5;-0.5;0.1
Papua Selatan;Konstruksi;2.3;1.6;-2.1;30.3;4.7;23.7
Papua Selatan;Perdagangan;0.9;1.5;-4.1;24.3;5.0;12.7
Papua Selatan;Transportasi;1.2;0.7;36.9;-25.3;9.2;7.0
Papua Selatan;Akmamin;0.3;0.8;14.6;-15.2;3.1;0.9
Papua Selatan;Informasi dan Komunikasi;0.8;0.7;71.9;-34.1;1.3;5.1
Papua Selatan;Jasa Keuangan;0.4;0.5;4.4;-25.9;2.1;1.7
Papua Selatan;Real Estat;0.9;1.7;-14.4;25.5;5.8;2.1
Papua Selatan;Jasa Perusahaan;0.5;0.5;33.7;-42.5;2.4;0.9
Papua Selatan;Adm. Pemerintahan;3.8;1.4;-16.0;13.7;3.1;11.8
Papua Selatan;Jasa Pendidikan;1.0;1.1;-13.1;5.1;3.6;2.3
Papua Selatan;Jasa Kesehatan;1.5;0.7;46.7;-34.0;2.5;2.2
Papua Selatan;Jasa Lainnya;0.5;0.4;51.1;-59.2;3.2;1.1
Papua Tengah;Pertanian;0.4;0.5;-19.5;-17.0;0.8;4.1
Papua Tengah;Pertambangan;10.1;0.5;-27.5;-12.0;-0.4;74.9
Papua Tengah;Industri;0.0;0.9;-8.6;-4.8;2.6;0.3
Papua Tengah;Pengadaan Listrik;0.0;1.4;-5.0;17.8;5.7;0.0
Papua Tengah;Pengadaan Air;0.1;0.1;-1.7;-43.7;2.2;0.0
Papua Tengah;Konstruksi;0.7;1.3;-2.1;12.8;3.4;6.4
Papua Tengah;Perdagangan;0.4;1.3;-4.1;13.8;4.2;4.1
Papua Tengah;Transportasi;0.4;0.4;36.9;-52.4;9.1;1.7
Papua Tengah;Akmamin;0.1;0.2;14.6;-49.9;1.3;0.2
Papua Tengah;Informasi dan Komunikasi;0.3;0.4;71.9;-77.8;3.1;1.6
Papua Tengah;Jasa Keuangan;0.2;0.7;4.4;-14.7;5.3;0.6
Papua Tengah;Real Estat;0.5;1.5;-14.4;19.9;5.0;1.0
Papua Tengah;Jasa Perusahaan;0.3;0.3;33.7;-55.9;2.5;0.4
Papua Tengah;Adm. Pemerintahan;1.3;0.9;-16.0;-3.1;1.4;3.5
Papua Tengah;Jasa Pendidikan;0.2;1.2;-13.1;8.6;3.0;0.4
Papua Tengah;Jasa Kesehatan;0.4;0.6;46.7;-34.6;2.5;0.5
Papua Tengah;Jasa Lainnya;0.2;0.5;51.1;-46.7;4.2;0.4
Papua Pegunungan;Pertanian;1.5;0.5;-19.5;-16.5;2.1;16.6
Papua Pegunungan;Pertambangan;0.2;2.0;-27.5;24.0;2.8;1.1
Papua Pegunungan;Industri;0.0;0.5;-8.6;-19.5;1.9;0.8
Papua Pegunungan;Pengadaan Listrik;0.0;1.1;-5.0;2.9;4.5;0.0
Papua Pegunungan;Pengadaan Air;0.2;0.4;-1.7;-28.0;2.1;0.0
Papua Pegunungan;Konstruksi;2.1;1.2;-2.1;9.6;3.0;20.0
Papua Pegunungan;Perdagangan;1.0;1.8;-4.1;38.2;6.7;14.8
Papua Pegunungan;Transportasi;1.7;0.4;36.9;-56.6;9.8;9.3
Papua Pegunungan;Akmamin;0.1;0.5;14.6;-30.3;2.2;0.4
Papua Pegunungan;Informasi dan Komunikasi;0.5;0.4;71.9;-74.1;3.2;2.8
Papua Pegunungan;Jasa Keuangan;0.2;0.7;4.4;-14.0;4.3;0.8
Papua Pegunungan;Real Estat;1.7;2.0;-14.4;37.2;6.2;4.6
Papua Pegunungan;Jasa Perusahaan;0.4;0.3;33.7;-57.2;2.2;0.6
Papua Pegunungan;Adm. Pemerintahan;6.6;1.2;-16.0;8.2;2.9;20.5
Papua Pegunungan;Jasa Pendidikan;1.5;1.2;-13.1;6.6;3.2;3.5
Papua Pegunungan;Jasa Kesehatan;2.1;0.5;46.7;-49.4;2.1;2.8
Papua Pegunungan;Jasa Lainnya;0.8;0.6;51.1;-43.8;4.5;1.4
